{
  "timestamp": "250924-17:36:59",
  "num_train_videos": 75,
  "num_val_videos": 30,
  "num_test_videos": 75,
  "epochs": [
    1,
    2,
    3,
    4,
    5
  ],
  "train_loss": [
    1.6833941249383821,
    0.870984667705165,
    0.49750905204564333,
    0.31471030465844607,
    0.1992283946989725
  ],
  "val_acc": [
    0.23333333333333334,
    0.26666666666666666,
    0.3,
    0.3,
    0.3
  ],
  "trainable_params": 501770,
  "total_params": 375809418,
  "final_test_acc": 0.3333333333333333,
  "best_val_acc": 0.3,
  "total_training_time": 278.51572585105896
}