{
  "timestamp": "250926-10:37:58",
  "num_train_videos": 150,
  "num_val_videos": 30,
  "num_test_videos": 75,
  "frames_per_clip": 1,
  "epochs": [
    1,
    2,
    3,
    4,
    5
  ],
  "train_loss": [
    1.7786501573549736,
    0.8769530907676026,
    0.4529227319651762,
    0.23188995646086294,
    0.2262297442239533
  ],
  "val_acc": [
    0.43333333333333335,
    0.5,
    0.5,
    0.5,
    0.4666666666666667
  ],
  "trainable_params": 501770,
  "total_params": 375809418,
  "final_test_acc": 0.5466666666666666,
  "best_val_acc": 0.5,
  "total_training_time": 83.56935214996338
}