{
  "epochs": [
    1,
    2,
    3,
    4,
    5
  ],
  "train_loss": [
    2.176510375407007,
    1.7815907291240163,
    1.4100961409923103,
    1.2109854409678116,
    0.9342791026251184
  ],
  "val_acc": [
    0.3,
    0.4666666666666667,
    0.6333333333333333,
    0.8,
    0.7666666666666667
  ],
  "trainable_params": 501770,
  "total_params": 375809418,
  "final_test_acc": 0.6933333333333334,
  "total_training_time": 326.985524892807
}