{
  "timestamp": "251006-142407",
  "approach": "head_only",
  "num_videos_per_class": 50,
  "num_train_videos": 140,
  "num_val_videos": 30,
  "num_test_videos": 30,
  "frames_per_clip": 8,
  "num_epochs": 5,
  "batch_size": 1,
  "accumulation_steps": 4,
  "learning_rate": 0.0002,
  "weight_decay": 0.01,
  "num_workers": 0,
  "seed": 42,
  "model_name": "facebook/vjepa2-vitl-fpc16-256-ssv2",
  "trainable_params": 4100,
  "total_params": 375311748,
  "final_test_acc": 0.5666666666666667,
  "final_train_acc": 0.6428571428571429,
  "best_val_acc": 0.6,
  "best_epoch": 5,
  "inference_time_ms": 343.7567949295044,
  "per_class_metrics": {
    "sitting_down": {
      "precision": 0.625,
      "recall": 1.0,
      "f1": 0.7692307692307693
    },
    "standing_up": {
      "precision": 0.75,
      "recall": 0.42857142857142855,
      "f1": 0.5454545454545454
    },
    "waving": {
      "precision": 0.5384615384615384,
      "recall": 0.7,
      "f1": 0.6086956521739131
    },
    "other": {
      "precision": 0.4,
      "recall": 0.25,
      "f1": 0.3076923076923077
    }
  },
  "total_training_time": 534.4936740398407
}