{
  "timestamp": "251006-141500",
  "approach": "lora",
  "num_videos_per_class": 50,
  "num_train_videos": 140,
  "num_val_videos": 30,
  "num_test_videos": 30,
  "frames_per_clip": 8,
  "num_epochs": 5,
  "batch_size": 1,
  "accumulation_steps": 4,
  "learning_rate": 0.0002,
  "weight_decay": 0.01,
  "num_workers": 0,
  "seed": 42,
  "model_name": "facebook/vjepa2-vitl-fpc16-256-ssv2",
  "lora_rank": 64,
  "lora_alpha": 128.0,
  "lora_dropout": 0.1,
  "epochs": [
    1,
    2,
    3,
    4,
    5
  ],
  "train_loss": [
    1.2011214452130454,
    1.0297365675015109,
    0.8653279839615736,
    0.8964972882664629,
    0.8361191261426679
  ],
  "val_acc": [
    0.5333333333333333,
    0.5666666666666667,
    0.6333333333333333,
    0.8333333333333334,
    0.7666666666666667
  ],
  "trainable_params": 1970180,
  "total_params": 377277828,
  "final_test_acc": 0.5666666666666667,
  "final_train_acc": 0.6857142857142857,
  "best_val_acc": 0.8333333333333334,
  "best_epoch": 4,
  "inference_time_ms": 184.77489153544107,
  "per_class_metrics": {
    "sitting_down": {
      "precision": 0.4444444444444444,
      "recall": 0.8,
      "f1": 0.5714285714285714
    },
    "standing_up": {
      "precision": 0.75,
      "recall": 0.42857142857142855,
      "f1": 0.5454545454545454
    },
    "waving": {
      "precision": 0.6428571428571429,
      "recall": 0.9,
      "f1": 0.75
    },
    "other": {
      "precision": 0.3333333333333333,
      "recall": 0.125,
      "f1": 0.18181818181818182
    }
  },
  "total_training_time": 386.40716099739075
}