{
  "timestamp": "251006-125338",
  "approach": "lora",
  "num_videos_per_class": 100,
  "num_train_videos": 280,
  "num_val_videos": 60,
  "num_test_videos": 60,
  "frames_per_clip": 8,
  "num_epochs": 5,
  "batch_size": 1,
  "accumulation_steps": 4,
  "learning_rate": 0.0002,
  "weight_decay": 0.01,
  "num_workers": 0,
  "seed": 42,
  "model_name": "facebook/vjepa2-vitl-fpc16-256-ssv2",
  "lora_rank": 64,
  "lora_alpha": 128.0,
  "lora_dropout": 0.1,
  "epochs": [
    1,
    2,
    3,
    4,
    5
  ],
  "train_loss": [
    1.1193487443562065,
    0.8559507947315329,
    0.7303601070606549,
    0.6059063189602707,
    0.628842360345048
  ],
  "val_acc": [
    0.55,
    0.6333333333333333,
    0.6333333333333333,
    0.6833333333333333,
    0.8166666666666667
  ],
  "trainable_params": 1970180,
  "total_params": 377277828,
  "final_test_acc": 0.7166666666666667,
  "final_train_acc": 0.7642857142857142,
  "best_val_acc": 0.8166666666666667,
  "best_epoch": 5,
  "inference_time_ms": 180.55426677068073,
  "per_class_metrics": {
    "sitting_down": {
      "precision": 0.7391304347826086,
      "recall": 1.0,
      "f1": 0.85
    },
    "standing_up": {
      "precision": 0.8888888888888888,
      "recall": 0.5,
      "f1": 0.64
    },
    "waving": {
      "precision": 0.6666666666666666,
      "recall": 0.7692307692307693,
      "f1": 0.7142857142857143
    },
    "other": {
      "precision": 0.6153846153846154,
      "recall": 0.5714285714285714,
      "f1": 0.5925925925925926
    }
  },
  "total_training_time": 684.5773260593414
}