{
  "timestamp": "251006-095133",
  "approach": "lora",
  "num_videos_per_class": 10,
  "num_train_videos": 28,
  "num_val_videos": 6,
  "num_test_videos": 6,
  "frames_per_clip": 8,
  "num_epochs": 5,
  "batch_size": 1,
  "accumulation_steps": 4,
  "learning_rate": 0.0002,
  "weight_decay": 0.01,
  "num_workers": 0,
  "seed": 42,
  "model_name": "facebook/vjepa2-vitl-fpc16-256-ssv2",
  "lora_rank": 16,
  "lora_alpha": 32.0,
  "lora_dropout": 0.1,
  "epochs": [
    1,
    2,
    3,
    4,
    5
  ],
  "train_loss": [
    1.4491802347557885,
    1.3440162709781103,
    1.2084697591406959,
    1.2047230686460222,
    1.0395767475877489
  ],
  "val_acc": [
    0.8333333333333334,
    0.5,
    0.3333333333333333,
    0.3333333333333333,
    0.5
  ],
  "trainable_params": 495620,
  "total_params": 375803268,
  "final_test_acc": 0.3333333333333333,
  "final_train_acc": 0.5,
  "best_val_acc": 0.8333333333333334,
  "best_epoch": 1,
  "inference_time_ms": 138.80542914072672,
  "per_class_metrics": {
    "sitting_down": {
      "precision": 0.3333333333333333,
      "recall": 0.3333333333333333,
      "f1": 0.3333333333333333
    },
    "standing_up": {
      "precision": 0.0,
      "recall": 0.0,
      "f1": 0.0
    },
    "waving": {
      "precision": 1.0,
      "recall": 1.0,
      "f1": 1.0
    },
    "other": {
      "precision": 0.0,
      "recall": 0.0,
      "f1": 0.0
    }
  },
  "total_training_time": 57.11539316177368
}