{
  "timestamp": "251006-114934",
  "approach": "lora",
  "num_videos_per_class": 50,
  "num_train_videos": 140,
  "num_val_videos": 30,
  "num_test_videos": 30,
  "frames_per_clip": 8,
  "num_epochs": 5,
  "batch_size": 1,
  "accumulation_steps": 4,
  "learning_rate": 0.0001,
  "weight_decay": 0.01,
  "num_workers": 0,
  "seed": 42,
  "model_name": "facebook/vjepa2-vitl-fpc16-256-ssv2",
  "lora_rank": 16,
  "lora_alpha": 32.0,
  "lora_dropout": 0.1,
  "epochs": [
    1,
    2,
    3,
    4,
    5
  ],
  "train_loss": [
    1.2909311694758279,
    1.1901187036718641,
    1.0931247962372643,
    0.9861930663564376,
    0.955007183871099
  ],
  "val_acc": [
    0.3333333333333333,
    0.36666666666666664,
    0.5,
    0.5666666666666667,
    0.6
  ],
  "trainable_params": 495620,
  "total_params": 375803268,
  "final_test_acc": 0.6333333333333333,
  "final_train_acc": 0.5642857142857143,
  "best_val_acc": 0.6,
  "best_epoch": 5,
  "inference_time_ms": 161.73346042633057,
  "per_class_metrics": {
    "sitting_down": {
      "precision": 0.5555555555555556,
      "recall": 1.0,
      "f1": 0.7142857142857143
    },
    "standing_up": {
      "precision": 0.8333333333333334,
      "recall": 0.7142857142857143,
      "f1": 0.7692307692307693
    },
    "waving": {
      "precision": 0.6666666666666666,
      "recall": 0.8,
      "f1": 0.7272727272727273
    },
    "other": {
      "precision": 0.3333333333333333,
      "recall": 0.125,
      "f1": 0.18181818181818182
    }
  },
  "total_training_time": 340.77443981170654
}