{
  "epochs": [
    1,
    2,
    3,
    4,
    5
  ],
  "train_loss": [
    1.7461181443184615,
    0.7036931187349061,
    0.39742701969109473,
    0.2503828711559375,
    0.19259716979208558
  ],
  "val_acc": [
    0.8333333333333334,
    0.9333333333333333,
    0.9666666666666667,
    1.0,
    0.9666666666666667
  ],
  "trainable_params": 501770,
  "total_params": 375809418,
  "final_test_acc": 0.96
}