{
  "timestamp": "251004-062932",
  "approach": "lora",
  "num_videos_per_class": 200,
  "num_train_videos": 560,
  "num_val_videos": 120,
  "num_test_videos": 120,
  "frames_per_clip": 16,
  "lora_rank": 16,
  "lora_alpha": 32.0,
  "lora_dropout": 0.1,
  "learning_rate": 0.0002,
  "weight_decay": 0.01,
  "batch_size": 1,
  "accumulation_steps": 4,
  "epochs": [
    1,
    2,
    3,
    4,
    5
  ],
  "train_loss": [
    0.8907973536855675,
    0.5327448518514367,
    0.4375670671338282,
    0.37969469589110566,
    0.38567543621543987
  ],
  "val_acc": [
    0.775,
    0.85,
    0.8,
    0.8666666666666667,
    0.775
  ],
  "trainable_params": 495620,
  "total_params": 375803268,
  "final_test_acc": 0.8416666666666667,
  "best_val_acc": 0.8666666666666667,
  "total_training_time": 2294.4568390846252
}