{
  "timestamp": "251006-120728",
  "approach": "lora",
  "num_videos_per_class": 50,
  "num_train_videos": 140,
  "num_val_videos": 30,
  "num_test_videos": 30,
  "frames_per_clip": 8,
  "num_epochs": 5,
  "batch_size": 1,
  "accumulation_steps": 4,
  "learning_rate": 0.001,
  "weight_decay": 0.01,
  "num_workers": 0,
  "seed": 42,
  "model_name": "facebook/vjepa2-vitl-fpc16-256-ssv2",
  "lora_rank": 16,
  "lora_alpha": 32.0,
  "lora_dropout": 0.1,
  "epochs": [
    1,
    2,
    3,
    4,
    5
  ],
  "train_loss": [
    1.1454304472942438,
    0.8717117826587387,
    0.7607479503952034,
    0.7528323644539341,
    0.6519576088176109
  ],
  "val_acc": [
    0.4666666666666667,
    0.6,
    0.5,
    0.6333333333333333,
    0.8
  ],
  "trainable_params": 495620,
  "total_params": 375803268,
  "final_test_acc": 0.6333333333333333,
  "final_train_acc": 0.7642857142857142,
  "best_val_acc": 0.8,
  "best_epoch": 5,
  "inference_time_ms": 156.33690357208252,
  "per_class_metrics": {
    "sitting_down": {
      "precision": 1.0,
      "recall": 0.8,
      "f1": 0.8888888888888888
    },
    "standing_up": {
      "precision": 0.6666666666666666,
      "recall": 0.8571428571428571,
      "f1": 0.75
    },
    "waving": {
      "precision": 0.6666666666666666,
      "recall": 0.6,
      "f1": 0.631578947368421
    },
    "other": {
      "precision": 0.375,
      "recall": 0.375,
      "f1": 0.375
    }
  },
  "total_training_time": 324.1388690471649
}