{
  "timestamp": "250924-17:15:47",
  "num_train_videos": 150,
  "num_val_videos": 30,
  "num_test_videos": 75,
  "epochs": [
    1,
    2,
    3,
    4,
    5
  ],
  "train_loss": [
    1.716417035339652,
    0.7580192191400439,
    0.34712562635163396,
    0.18381491348830153,
    0.18514193735609297
  ],
  "val_acc": [
    0.4666666666666667,
    0.5,
    0.5,
    0.5,
    0.5
  ],
  "trainable_params": 501770,
  "total_params": 375809418,
  "final_test_acc": 0.5466666666666666,
  "best_val_acc": 0.5,
  "total_training_time": 490.0634090900421
}