{
  "epochs": [
    1,
    2,
    3,
    4,
    5
  ],
  "train_loss": [
    1.7404494763414065,
    0.7377446415026983,
    0.41810852230216067,
    0.2494425825336172,
    0.222765230605728
  ],
  "val_acc": [
    0.8,
    0.9333333333333333,
    1.0,
    0.9666666666666667,
    0.9333333333333333
  ],
  "trainable_params": 501770,
  "total_params": 375809418,
  "final_test_acc": 1.0,
  "total_training_time": 1883.5219078063965
}