{
  "timestamp": "250924-14:26:30",
  "num_train_videos": 300,
  "num_val_videos": 30,
  "num_test_videos": 75,
  "epochs": [
    1,
    2,
    3,
    4,
    5
  ],
  "train_loss": [
    1.7229668341080349,
    0.6876256564166396,
    0.3941217671117435,
    0.23886440865229816,
    0.1995617646231161
  ],
  "val_acc": [
    0.8333333333333334,
    0.9333333333333333,
    1.0,
    1.0,
    0.9333333333333333
  ],
  "trainable_params": 501770,
  "total_params": 375809418,
  "final_test_acc": 1.0,
  "best_val_acc": 1.0,
  "total_training_time": 907.834550857544
}