{
  "timestamp": "251006-131726",
  "approach": "lora",
  "num_videos_per_class": 100,
  "num_train_videos": 280,
  "num_val_videos": 60,
  "num_test_videos": 60,
  "frames_per_clip": 8,
  "num_epochs": 5,
  "batch_size": 1,
  "accumulation_steps": 4,
  "learning_rate": 0.001,
  "weight_decay": 0.01,
  "num_workers": 0,
  "seed": 42,
  "model_name": "facebook/vjepa2-vitl-fpc16-256-ssv2",
  "lora_rank": 16,
  "lora_alpha": 32.0,
  "lora_dropout": 0.1,
  "epochs": [
    1,
    2,
    3,
    4,
    5
  ],
  "train_loss": [
    1.0713184648592557,
    0.8157833487930475,
    0.7302602286408988,
    0.6197379728869626,
    0.6650290089264412
  ],
  "val_acc": [
    0.6333333333333333,
    0.7166666666666667,
    0.7333333333333333,
    0.75,
    0.6833333333333333
  ],
  "trainable_params": 495620,
  "total_params": 375803268,
  "final_test_acc": 0.6333333333333333,
  "final_train_acc": 0.7392857142857143,
  "best_val_acc": 0.75,
  "best_epoch": 4,
  "inference_time_ms": 188.05623451868695,
  "per_class_metrics": {
    "sitting_down": {
      "precision": 0.6842105263157895,
      "recall": 0.7647058823529411,
      "f1": 0.7222222222222222
    },
    "standing_up": {
      "precision": 0.9,
      "recall": 0.5625,
      "f1": 0.6923076923076923
    },
    "waving": {
      "precision": 0.7142857142857143,
      "recall": 0.38461538461538464,
      "f1": 0.5
    },
    "other": {
      "precision": 0.4583333333333333,
      "recall": 0.7857142857142857,
      "f1": 0.5789473684210527
    }
  },
  "total_training_time": 748.0218098163605
}