{
  "timestamp": "251006-133040",
  "approach": "lora",
  "num_videos_per_class": 100,
  "num_train_videos": 280,
  "num_val_videos": 60,
  "num_test_videos": 60,
  "frames_per_clip": 8,
  "num_epochs": 5,
  "batch_size": 1,
  "accumulation_steps": 4,
  "learning_rate": 0.0005,
  "weight_decay": 0.01,
  "num_workers": 0,
  "seed": 42,
  "model_name": "facebook/vjepa2-vitl-fpc16-256-ssv2",
  "lora_rank": 16,
  "lora_alpha": 32.0,
  "lora_dropout": 0.1,
  "epochs": [
    1,
    2,
    3,
    4,
    5
  ],
  "train_loss": [
    1.096899115227695,
    0.8116580540297686,
    0.7314915954135358,
    0.6252997778241739,
    0.6572103088827654
  ],
  "val_acc": [
    0.6666666666666666,
    0.6833333333333333,
    0.75,
    0.75,
    0.6833333333333333
  ],
  "trainable_params": 495620,
  "total_params": 375803268,
  "final_test_acc": 0.7166666666666667,
  "final_train_acc": 0.7535714285714286,
  "best_val_acc": 0.75,
  "best_epoch": 3,
  "inference_time_ms": 186.6853674252828,
  "per_class_metrics": {
    "sitting_down": {
      "precision": 0.5862068965517241,
      "recall": 1.0,
      "f1": 0.7391304347826086
    },
    "standing_up": {
      "precision": 1.0,
      "recall": 0.5,
      "f1": 0.6666666666666666
    },
    "waving": {
      "precision": 0.75,
      "recall": 0.6923076923076923,
      "f1": 0.72
    },
    "other": {
      "precision": 0.8181818181818182,
      "recall": 0.6428571428571429,
      "f1": 0.72
    }
  },
  "total_training_time": 767.6621060371399
}