{
  "timestamp": "251004-140701",
  "approach": "lora",
  "num_videos_per_class": 400,
  "num_train_videos": 1120,
  "num_val_videos": 240,
  "num_test_videos": 240,
  "frames_per_clip": 16,
  "lora_rank": 16,
  "lora_alpha": 32.0,
  "lora_dropout": 0.1,
  "learning_rate": 0.0002,
  "weight_decay": 0.01,
  "batch_size": 1,
  "accumulation_steps": 4,
  "epochs": [
    1,
    2,
    3,
    4,
    5
  ],
  "train_loss": [
    0.69894138189806,
    0.43216965553658937,
    0.3750743451807856,
    0.377083348975985,
    0.32644626195218346
  ],
  "val_acc": [
    0.7958333333333333,
    0.8541666666666666,
    0.85,
    0.8666666666666667,
    0.8625
  ],
  "trainable_params": 495620,
  "total_params": 375803268,
  "final_test_acc": 0.8875,
  "best_val_acc": 0.8666666666666667,
  "total_training_time": 4818.404798030853
}