{
  "timestamp": "251004-091526",
  "approach": "pooler_head_and_lora",
  "num_videos_per_class": 200,
  "num_train_videos": 560,
  "num_val_videos": 120,
  "num_test_videos": 120,
  "frames_per_clip": 16,
  "lora_rank": 16,
  "lora_alpha": 32.0,
  "lora_dropout": 0.1,
  "learning_rate": 0.0002,
  "weight_decay": 0.01,
  "batch_size": 1,
  "accumulation_steps": 4,
  "epochs": [
    1,
    2,
    3,
    4,
    5
  ],
  "train_loss": [
    0.6881498521983693,
    0.5219081089381039,
    0.4893713166602408,
    0.3832315595606145,
    0.42123759510083963
  ],
  "val_acc": [
    0.8,
    0.8083333333333333,
    0.7916666666666666,
    0.8333333333333334,
    0.8333333333333334
  ],
  "trainable_params": 49831940,
  "total_params": 375803268,
  "final_test_acc": 0.825,
  "best_val_acc": 0.8333333333333334,
  "total_training_time": 2326.7293610572815
}