{
  "timestamp": "251004-170730",
  "approach": "pooler_head_and_lora",
  "num_videos_per_class": 100,
  "num_train_videos": 280,
  "num_val_videos": 60,
  "num_test_videos": 60,
  "frames_per_clip": 16,
  "lora_rank": 16,
  "lora_alpha": 32.0,
  "lora_dropout": 0.1,
  "learning_rate": 0.0002,
  "weight_decay": 0.01,
  "batch_size": 1,
  "accumulation_steps": 4,
  "epochs": [
    1,
    2,
    3,
    4,
    5
  ],
  "train_loss": [
    0.796002672675708,
    0.5885555908325062,
    0.45435693550023026,
    0.5987758770790865,
    0.44871374320102697
  ],
  "val_acc": [
    0.7833333333333333,
    0.8166666666666667,
    0.85,
    0.85,
    0.8166666666666667
  ],
  "trainable_params": 49831940,
  "total_params": 375803268,
  "final_test_acc": 0.8833333333333333,
  "best_val_acc": 0.85,
  "total_training_time": 1237.1753318309784
}