{
  "epochs": [
    1,
    2,
    3,
    4,
    5
  ],
  "train_loss": [
    2.0211307434616863,
    1.3560083328268013,
    0.7992973296173118,
    0.48369812357830944,
    0.3788222887134809
  ],
  "val_acc": [
    0.6666666666666666,
    0.8,
    0.9666666666666667,
    0.8333333333333334,
    0.9666666666666667
  ],
  "trainable_params": 501770,
  "total_params": 375809418,
  "final_test_acc": 0.92,
  "total_training_time": 534.9431328773499
}